capability_id,capability_name,product_area,primary_user,business_problem,desired_outcome,product_goal,strategic_theme,product_owner_group,target_release,value_score,user_need_score,process_complexity_score,dependency_risk_score,qa_open_defects,story_readiness_pct,solution_package_readiness_pct,rollout_readiness_pct,rollback_confidence_pct,adoption_risk_score,azure_devops_feature_count,servicenow_open_items,current_status,priority_score,release_risk_score,delivery_value_score,blocked_gate_count,watch_gate_count,open_event_impact,avg_training_readiness_pct,decision_needed
REL012,Release notes stakeholder digest,Communications,Business sponsor,Stakeholders see release status in scattered updates.,"Generate a digest with scope, trade-offs, gates, and rollout risks.",Improve sponsor alignment,Stakeholder transparency,Portfolio Product,2026.Q2,85.3,65.0,63.3,72.2,5,62.0,50.2,100,55.3,28.4,6,4,Refinement,111.1,97.3,51.8,5,0,537799,95.3,Hold release until gates clear
REL011,Group booking special request intake,Group travel,Group coordinator,Special requests move across spreadsheets and CRM notes.,Capture special requests with acceptance criteria and owner routing.,Improve group booking readiness,User-centric intake,Groups Product,2026.Q4,78.5,82.9,51.4,44.7,4,44.6,89.5,64.9,83.6,62.8,10,3,Release prep,109.2,85.7,56.2,5,0,713756,50.1,Hold release until gates clear
REL017,Pre-departure service case routing,ServiceNow,Service desk agent,Service cases near departure need faster routing and priority rules.,"Prioritize cases by departure window, traveler impact, and product line.",Protect pre-departure experience,Service operations,Support Product,2026.Q4,82.9,69.9,75.9,48.3,10,60.3,64.6,95.1,62.4,12.8,6,1,Refinement,108.8,86.5,55.4,4,1,722852,89.7,Hold release until gates clear
REL001,Traveler profile merge rules,MS Dynamics,Contact center agent,Duplicate traveler records cause itinerary preference conflicts.,Clean preference history before quote or booking edits.,Reduce duplicate profile touches,User data quality,CRM Product,2026.Q3,76.6,71.9,56.0,62.0,5,49.5,75.3,63.2,62.3,46.1,9,7,Discovery,108.0,99.1,48.0,5,0,324112,59.6,Hold release until gates clear
REL003,Guided tour rooming list changes,Operations workflow,Tour operations specialist,Late rooming updates create manual rework before departure.,Expose editable change reason and cut-off validation.,Lower pre-departure operations rework,Release reliability,Tour Ops Product,2026.Q2,85.8,81.0,47.5,62.2,5,76.5,62.0,70.3,72.1,40.6,7,8,In sprint,107.6,74.0,61.0,2,2,747469,68.3,Hold release until gates clear
REL007,Training playbook for itinerary amendments,Adoption,Training coordinator,Agents receive release notes without role-based workflow examples.,Publish role-based training and readiness checks.,Improve rollout adoption,Adoption readiness,Enablement Product,2026.Q3,81.4,79.1,57.3,23.1,5,56.1,56.9,59.4,75.3,43.8,3,4,Discovery,107.0,88.3,52.8,5,0,546082,42.4,Hold release until gates clear
REL016,Destination availability rules,Product catalog,Product operations analyst,Destination availability changes require manual catalog checks.,Add rule evidence and approval state before catalog publishing.,Reduce catalog publishing risk,Process mapping,Catalog Product,2026.Q3,59.4,82.3,52.5,46.0,11,71.9,100,60.0,72.0,35.2,6,4,QA,107.0,89.4,52.0,5,0,605961,65.0,Hold release until gates clear
REL018,Agile intake scoring model,Backlog governance,Business sponsor,Enhancement requests arrive without consistent value or readiness signals.,"Score requests by value, dependency, rollout complexity, and evidence.",Improve backlog prioritization,Backlog governance,Portfolio Product,2026.Q2,70.4,100,38.2,36.1,5,66.9,53.7,57.3,72.0,35.6,9,4,Refinement,106.6,82.7,55.2,4,1,692357,57.3,Hold release until gates clear
REL013,Loyalty preference migration,MS Dynamics,Member services,Preference migration rules need business acceptance before deployment.,Map migration exceptions to user stories and sign-off evidence.,De-risk CRM migration,Data migration readiness,CRM Product,2026.Q3,79.9,75.0,35.4,39.1,10,73.1,75.6,70.4,80.9,47.2,6,4,QA,102.5,64.3,61.1,1,4,894187,73.9,PO trade-off required
REL005,Managed solution release packaging,ALM,DevOps engineer,Solution layers are packaged manually and rollback evidence is inconsistent.,Standardize solution package gates with rollback notes.,Increase deployment confidence,ALM governance,Platform Product,2026.Q4,70.5,57.6,55.2,41.0,3,58.1,70.6,88.0,61.2,84.7,7,2,In sprint,99.8,82.0,48.9,5,0,662376,85.3,Hold release until gates clear
REL009,Supplier schedule change alerts,Supplier integration,Operations coordinator,Schedule changes arrive in several formats and are hard to prioritize.,Normalize supplier alerts into a ranked exception queue.,Reduce schedule-change response time,Partner operations,Integration Product,2026.Q2,78.1,53.5,49.9,62.1,5,73.0,65.5,39.7,94.4,38.6,7,4,In sprint,99.6,79.0,50.2,3,2,916179,38.6,Hold release until gates clear
REL006,ServiceNow release incident triage,ServiceNow,Support lead,Release incidents lack product capability linkage.,Connect incident severity to release capability and acceptance decision.,Shorten release incident triage,Release reliability,Support Product,2026.Q2,87.5,56.7,58.6,53.1,4,82.9,79.3,100,76.5,33.0,6,2,QA,99.4,49.7,66.4,2,0,485755,96.2,Hold release until gates clear
REL010,Final payment reminder automation,Payments,Traveler services,Final payment reminder work is manually reconciled across systems.,Trigger reminder states from balance and due date rules.,Lower avoidable payment escalations,Workflow automation,Payments Product,2026.Q3,84.5,62.0,63.5,66.4,9,100,100,49.1,50.0,31.9,10,6,In sprint,97.7,53.0,62.9,0,1,474233,30.2,Ready for sprint review
REL014,Traveler feedback defect loop,Voice of customer,Product owner,Post-trip feedback does not consistently create backlog items.,Classify feedback themes and attach them to backlog refinement.,Close feedback-to-backlog loop,User-centric design,Experience Product,2026.Q4,79.2,80.2,79.5,37.7,0,76.5,73.7,57.1,80.8,54.9,5,6,Discovery,95.1,45.4,64.3,0,4,602802,50.3,Ready for sprint review
REL004,River cruise cabin inventory exception,Inventory platform,Reservations agent,Cabin inventory exceptions require escalation before a traveler can book.,Route exceptions with evidence and approval status.,Protect revenue on exception inventory,Operational control,Inventory Product,2026.Q3,64.2,65.2,70.4,52.1,5,77.9,70.8,76.3,61.8,69.2,6,6,Refinement,93.5,62.6,53.3,1,3,689547,69.7,PO trade-off required
REL002,Advisor quote handoff,Booking workflow,Travel advisor,Quote follow-ups move across email and CRM tasks without a clear owner.,Create a single handoff state and follow-up SLA.,Improve quote conversion follow-up,Workflow automation,Commercial Product,2026.Q4,63.3,66.9,52.3,28.1,3,75.8,88.4,45.8,75.6,59.9,8,6,In sprint,90.7,57.3,53.9,2,2,203799,51.1,Hold release until gates clear
REL008,Passenger document checklist,Traveler self-service,Traveler,Travelers miss required documents when products span multiple countries.,Show product-specific document checklist and reminder state.,Reduce avoidable service contacts,Customer readiness,Digital Product,2026.Q4,81.4,79.8,47.7,23.6,2,85.4,58.1,70.7,27.6,29.9,7,3,Release prep,88.3,34.4,63.6,0,0,618661,77.3,Ready for sprint review
REL015,Booking amendment rollback path,ALM,Release manager,Amendment workflow rollback criteria are not documented per release.,"Define rollback triggers, data checkpoints, and owner approval.",Improve rollback readiness,ALM governance,Platform Product,2026.Q2,64.7,43.4,72.9,59.8,2,97.3,70.1,79.7,49.1,50.0,8,6,Discovery,82.9,42.3,53.9,0,1,571869,77.9,Ready for sprint review
